id,sequence,label,length
AP04139,CGCYCKSVDKKRRFFIPTCLRSCCN,1,25
AP01025,GFPCGESCVFIPCISAAIGCSCKNKVCYRN,1,30
AP00274,GIPCGESCVWIPCISAALGCSCKNKVCYRN,1,30
AP03114,GLPCGESCVFIPCITTVVGCSCKNKVCYNN,1,30
AP00291,MFFSSKKCKTVSKTFRGPCVRNAN,1,24
AP03207,MRVLCGRDGRCPKFMCRTFL,1,20
AP00483,KTCEHLADTYRGVCFTNASCDDHCKNKAHLISGTCHNWKCFCTQNC,1,46
AP03203,VNDCIRIHCKDDFDCIENRLQVGCRLQREKPRCVNLVCRCLRR,1,43
AP02325,GIPCGESCVFIPCTVTALLGCSCKDKVCYKN,1,31
AP01770,RPRCWIKIKFRCKSLKF,1,17
AP04040,GQQSCLCGYMKQYVNSPNARKVVGQCGVSVPNC,1,33
AP00342,AKCIKNGKGCREDQGPPFCCSGFCYRQVGWARGYCKNR,1,38
AP01162,QTCASRCPRPCNAGLCCSIYGYCGSGAAYCGAGNCRCQCRG,1,41
AP02736,RTCESKSHRFKGPCVSTHNCANVCHNEGFGGGKCRGFRRRCYCTRHC,1,47
AP04324,GSVTGCGETCFKFKCFTPGCKCAKYPLCSKN,1,31
AP01981,GGKCTVDWGGQGGGRRLPSPLFCCYKPTRICYLNQETCETETCP,1,44
AP02041,KSCCKSTLGRNCYNLCRARGAQKLCANVCRCKLTSGLSCPKDFPK,1,45
AP00519,QWGRRCCGWGPGRRYCRRWC,1,20
AP04811,SKYFTGLCWTDSSCRKVCIEKDFQDGHCSKIQR,1,33
AP02987,HTLCMDGGATY,1,11
AP01553,RMCKTPSGKFKGYCVNNTNCKNVCRTEGFPTGSCDFHVAGRKCYCYKPCP,1,50
AP02407,SDYLNNNPLFPRYDIGNVELSTAYRSFANQKAPGRLNQNWALTADYTYR,1,49
AP03321,QETLDPICMAKCVLKCGKKAWCLTKCIAGCVL,1,32
AP02771,EVCEKASKTWSGNCGNTGHC,1,20
AP01769,KSLRPRCWIKIKFRCKSLKF,1,20
AP00297,LLGRCKVKSNRFNGPCLTDTHCSTVCRGEGYKGGDCHGLRRRCMCLC,1,47
AP02042,DRCSQQCQHHRDPDRKQQCMRECRRHQGRSD,1,31
AP01330,RTCESQSHRFKGTCVRQSNCAAVCQTEGFHGGNCRGFRRRCFCTKHC,1,47
AP01469,AQRCGDQARGAKCPNCLCCGKYGFCGSGDAYCGAGSCQSQCRGC,1,44
AP01064,GIPCGESCVWIPCISAAIGCSCKSKVCYRN,1,30
AP03205,MTLRPCLTDKDCPRMPPHNIKCRKGHCVPIGKPFK,1,35
AP00989,RTCMIKKEGWGKCLIDTTCAHSCKNRGYIGGDCKGMTRTCYCLVNC,1,46
AP01686,KTCENLSGTFKGPCIPDGNCNKHCRNNEHLLSGRCRDDFRCWCTNRC,1,47
AP00914,QYGRRCCNWGPGRRYCKRWC,1,20
AP00292,GIFSSRKCKTPSKTFKGYCTRDSNCDTSCRYEGYPAGD,1,38
AP01772,KICERASGTWKGICIHSNDCNNQCVKWENAGSGSCHYQFPNYMCFCYFDC,1,50
AP02342,DICTNCCAGTKGCNTTSANGAFICEGQSDPKKPKACPLNCDPHIAYA,1,47
AP01688,QKLCERPSGTWSGVCGNNNACKNQCIR,1,27
AP01062,KIPCGESCVWIPCLTSVFNCKCENKVCYHD,1,30
AP02035,DPQTECQQCQRRCRQQESGPRQQQYCQRRCKEICEEEEEYN,1,41
AP01135,SAISCGETCFKFKCYTPRCSCSYPVCK,1,27
AP02559,TDDRCERMCQHYHDRREKKQCMKGCRYGESD,1,31
AP02034,EQCREEEDDR,1,10
AP01047,TPCGESCVYIPCISGVIGCSCTDKVCYLN,1,29
AP01588,AQCGAQGGGATCPGGLCCSQWGWCGSTPKYCGAGCQSNCR,1,40
AP01587,AQCGAQGGGATCPGGLCCSQWGWCGSTPKYCGAGCQSNCK,1,40
AP02173,QLPICGETCVLGGCYTPNCRCQYPICVR,1,28
AP00982,GTCKAECPTWEGICINKAPCVKCCKAQPEKFTDGHCSKILRRCLCTKPC,1,49
AP02477,GADRCRERCERRHRGDWQGKQRCLMECRRREQEED,1,35
AP01035,GIPCAESCVYIPCTVTALLGCSCSNRVCYN,1,30
AP02497,GSCGAPISKYDFQVLAKRPPPCRRPRLENTEDVTHTTRP,1,39
AP01584,VGECVRGRCPSGMCCSQFGYCGKGPKYCG,1,29
AP01760,GSGRGSCRSQCMRRHEDEPWRVQECVSQCRRRRGGGD,1,37
AP01058,SISCGESCAMISFCFTEVIGCSCKNKVCYLN,1,31
AP01066,GLPTCGETCFGGTCNTPGCTCDPWPVCTHN,1,30
AP01149,GLPVCGETCVGGTCNTPGCSCSRPVCTAN,1,29
AP04039,VPTTPFLCTNDPQCKVNYEDGHCFDILSK,1,29
AP01685,QKLCERSSGTWSGVCGNNNACKNQCINLEGARHGSCNYIFPYHRCICY,1,48
AP00716,RTCMIKKEGWGKCLIDTTCAHSCKNRGYIGGNCKGMTRTCYCLVNC,1,46
AP00479,AGCIKNGGRCNASAGPPYCCSSYCFQIAGQSYGVCKNR,1,38
AP01030,GLPICGETCVGGTCNTPGCSCSWPVCTRN,1,29
AP03019,RQLKSSRRGALVCVRLKLCSAILSRGLSCGMFSCNARR,1,38
AP03206,IYFPVSRPCITDKDCPNMKHYKAKCRKGFCISSRVR,1,36
AP00275,GVIPCGESCVFIPCISTLLGCSCKNKVCYRN,1,31
AP01691,QKLCERPSGTWSGVCGNNNACKNQCINLEK,1,30
AP00518,QYRHRCCAWGPGRKYCKRWC,1,20
AP02258,CARLNCVPKGTSGNTETCPCYASLHSCRKYG,1,31
AP01034,GDPTFCGETCRVIPVCTYSAALGCTCDDRSDGLCKRN,1,37
AP01052,QQCGRQASGRLCGNRLCCSQWGYCGSTASYCGAGCQSQCR,1,40
AP00203,QCIGNGGRCNENVGPPYCCSGFCLRQPGQGYGYCKNR,1,37
AP00983,QNNICKTTSKHFKGLCFADSKCRKVCIQEDKFEDGHCSKLQRKCLCTKNC,1,50
AP01677,KTCENLADTYKGPCFTTGSCD,1,21
AP01989,IPCGESCVWIPCITAIAGCSCKNKVCYT,1,28
AP03055,CEKPSKFFSGPCIGSSGKTQCAYLCRRGEGLQDGNCKGLKCVCAC,1,45
AP01024,GIPCGESCVFIPCLTTVAGCSCKNKVCYRN,1,30
AP02023,RYCLSQSHRFKGLCMSSSNCANVCQTENFPGGECKADGATRKCFCKKIC,1,49
AP03130,MLCPSYRRCPRVPP,1,14
AP01979,VAKCTEESGGKYFVFCCYKPTRICYMNEQKCESTCIGK,1,38
AP00532,KTCENLADTFRGPCFATSNC,1,20
AP00288,TCESPSHKFKGPCATNRNCES,1,21
AP00560,TTLTLHNLCPYPVWWLVTPNNGGFPIIDNTPVVLG,1,35
AP00512,GYHGGHGGHGGGYNGGGGHGGHGGGYNGGGHHGGGGHG,1,38
AP00730,GSVLNCGETCLLGTCYTTGCTCNKYRVCTKD,1,31
AP04842,IITGASSGIGKAIAKHFI,1,18
AP01678,ITCQQVTSELGPCVPYLTGQGIP,1,23
AP02326,GVPCAESCVWIPCTVTALLGCSCKDKVCYLN,1,31
AP00922,RECKTESNTFPGICITKPPCRKACISEKFTDGHCSKLLRRCLCTKPC,1,47
AP01816,RYCERSSGTWSGVCGNSGKCSNQCQRLEGAAHGSCNYVFPAHKCICYYPC,1,50
AP02852,RHCLSQSHRFKGMCVSSNNCANVCRTESFPDGECKSHGLERKCFCKKVC,1,49
AP01053,GLPVCGETCFGGTCNTPGCSCSSWPICTRN,1,30
AP00729,GLPVCGETCVGGTCNTPGCTCSWPVCTRN,1,29
AP01164,QTCASRCPRPCNAGLCCSIYGYCGSGNAYCGAGNCRCQCRG,1,41
AP01990,AIPCGESCVWIPCISTVIGCSCSNKVCYR,1,29
AP01055,GIPCAESCVWIPCTVTALLGCSCSNNVCYN,1,30
AP01916,GTRCGETCFVLPCWSAKFGCYCQKGFCYRN,1,30
AP00495,EQCGRQAGGKLCPNNLCCSQYGWCGSSDDYCSPSKNCQSNCKGGG,1,45
AP04275,QEKLDPICMPKCVLKCGKKAWCLTKCIAGCVL,1,32
AP02601,PPIQNPSMAPPTQNPYGQPMTPPTQNPYGQPMAPP,1,35
AP02341,LVKDNPLDISPKQVQALCTDLVIRCMCCC,1,29
AP00004,NLCERASLTWTGNCGNTGHCDTQCRNWESAKHGACHKRGNWKCFCYFDC,1,49
AP00184,RSGRGECRRQCLRRHEGQPWETQECMRRCRRRG,1,33
AP01054,GLPVCGETCTLGTCYTQGCTCSWPICKRN,1,29
AP00915,QQCGRQAGNRRCANNLCCSQYGYCGRTNEYCCTSQGCQSQCRRCG,1,45
AP01277,KSCCPNTTGRNIYNACRLTGAPRPTCAKLSGCKIISGSTCPSDYPK,1,46
AP01586,KSCCRSTTARNIYNGCRVPGTARPVCAKKSGCKIQEAKKCEPPYD,1,45
AP01982,ANKCIIDCMKVKTTCGDECKGAGFKTGGCALPPDIMKCCHNC,1,42
AP02428,RTCESQSHKFKGPCASDHNCASVCQTERFSGGRCRGFRRRCFCTTHC,1,47
AP01077,GGTIFDCGETCFLGTCYTPGCSCGNYGFCYGTN,1,33
AP01065,GSIPACGESCFKGKCYTPGCSCSKYPLCAKN,1,31
AP02405,GGYKNFYGSALRKGFYEGEAGRAIRR,1,26
AP02236,GYGDGCYSEDDLSVCCKKKFKVIGKCFKSVRECQNSGCKYH,1,41
AP01243,KGAPCAKKPCCGPLGHYKVDCSTIPDYPCCSKYGFCGSGPQYCG,1,44
AP00563,KTCENLADTFRGPCFATSNCDDHCKNKEHLLSGRCRDDFRCWCTRNC,1,47
AP02787,RNGCIVDPRCPYQQCRRPLYCRRR,1,24
AP00990,RNCESLSHRFKGPCTRDSN,1,19
AP00436,LCNERPSQTWSGNCGNTAHCDKQCQDWEKASHGACHKRENHWKCFCYFNC,1,50
AP03502,RECQSQSHRYKGACVHDTNCASVCQTEGFSGKCVGFRGRCFCTKAC,1,46
AP02853,RTCESQSHRFKGPCARKANCASVCNTEGFPDGYCHGVRRRCMCTKPCP,1,48
AP00550,KSCCRNTVARNCYNVCRIPGTPRPVCAATCDCKLITGTKCPPGYEK,1,46
AP00282,SIPCGESCVFIPCTVTALLGCSCKSKVCYKN,1,31
AP04810,ICEALSGNFKGLCLSSRREGFTDGSCIGFRLQCFCTKPCA,1,40
AP04849,AGECVRGRCPGGLCCSKFGFCGSGPAYCGG,1,30
AP00236,KSCCRNTWARNCYNVCRLPGTISREICAKKCDCKIISGTTCPSDYPK,1,47
AP00511,GYGGHGGHGGHGGHGGHGGHGHGGGGHG,1,28
AP01992,IPCGESCVWIPCISGMFGCSCKDKVCYS,1,28
AP04321,GIPCGESCVWIPCISGAIGCSCKSKVCYRN,1,30
AP04322,GSIPCGESCVFIPCISALLGCSCSSKVCYKN,1,31
AP02328,GSVIKCGESCLLGKCYTPGCTCSRPICKKD,1,30
AP00202,CIGNGGRCNENVGPPYCCSGFCLRQPNQGYGVCRNR,1,36
AP01693,KFCEKPSGTWSGVCGNSGACKDQCIRLEGAKHGSCNYKPPAHRCICYYEC,1,50
AP00534,KSCCRNTTARNCYNVCRIPG,1,20
AP02422,KTCENLSDSFKGPCIPDGNCNKHCKEKEHLLSGRCRDDFRCWCTRNC,1,47
AP00994,GIFSNMYARTPAGYFRGPAGYAAN,1,24
AP01773,KICERASGTWKGICIHSNDCNNQCVKWENAGSGSCHYQFPNYMCFCYFNC,1,50
AP03337,TTLRLNTLAYKVAWLVNVKAFWAAGRALKKVGR,1,33
AP02627,CVLIGQRCDNDRGPRCCSGQGNCVPLPFLGGVCAV,1,35
AP01036,GIPCGESCVWIPCISSAIGCSCKSKVCYRN,1,30
AP02686,GSVIGCGETCLRGRCYTPGCTCDHGICKKN,1,30
AP01023,GTACGESCYVLPCFTVGCTCTSSQCFKN,1,28
AP00913,QWGRRCCGWGPGRRYCVRWC,1,20
AP02051,AISCGQVSSAIGPCLSYARGQGSAPSAGCC,1,30
AP00721,RICRRRSAGFKGPCVSNKNCAQVCMQEGWGGGNCDGPLRRCKCMRRC,1,47
AP01694,KFCEKPSGTWSGVCGNSGACKDQCIRLEGAKHGSCNYKLPAHRCICYYEC,1,50
AP00446,GADFQECMKEHSQKQHQHQG,1,20
AP02585,VGPGGECGGRFGGCAGGQCCSRFGFCGSGPKYCAH,1,35
AP02737,VWTVWGTIAG,1,10
AP01061,KIPCGESCVWIPCVTSIFNCKCKENKVCYHD,1,31
AP00720,RHCESLSHRFKGPCTRDSNCASVCETERFSGGNCHGFRRRCFCTKPC,1,47
AP03083,VDCSGACSPFEVPPCGSRDCRCIPIGLVVGFCIYPTG,1,37
AP00918,ELCEKASKTWSGNCGNTGHCDNQCKSWEGAAHGACHVRNGKHMCFCYFNC,1,50
AP01136,GGTIFDCGESCFLGTCYTKGCSCGEWKLCYGTN,1,33
AP02658,GLPICGESCVGGTCNTPGCTCTWPVCTRN,1,29
AP00912,AGECVQGRCPSGMCCSQFGYCGRGPKYCGR,1,30
AP02040,KSCCRSTLGRNCYNLCRARGAQKLCAGVCRCKISSGLSCPKGFPK,1,45
AP03322,KVGRHLVKGLGKIFRAGKVIFCNTCKTCNGLCDYCCA,1,37
AP00194,VGECVRGRCPSGMCCSQFGYCGKGPKYCGR,1,30
AP01470,AQRCGDQARGAKCPNCLCCGKYGFCGSGDAYCGAGSCQSQCRGCR,1,45
AP00979,RECKTESNTFPGICITKPPCRKACISEKFTDGHCSKILRRCLCTKPC,1,47
AP01818,RYCERSSGTWSGVCGNTDKCSSQCQRLEGAAHGSCNYVFPAHKCICYYPC,1,50
AP03412,ACSSSSPCPGNQCCSKWGYCGLGGDYCGSGCQSGPCTGA,1,39
AP02687,GSAIRCGESCLLGKCYTPGCTCDRPICKKN,1,30
AP03927,RLCTNCCAGRKGCNYYSADGTFICEGESDPNNPKA,1,35
AP00920,NTCENLAGSYKGVCFGGCDRHCRTQEGAISGRCRDDFRCWCTKNC,1,45
AP01060,GIPCGESCVFIPCITSVAGCSCKSKVCYRN,1,30
AP00553,KTCENLADTY,1,10
AP00237,KSCCPTTTARNIYNTCRFGGGSRPVCAKLSGCKIISGTKCDSGWNH,1,46
AP01585,KSCCRSTQARNIYNAPRFAGGSRPLCALGSGCKIVDDKKTPPND,1,44
AP01080,GVPCGESCVFIPCITGVIGCSCSSNVCYLN,1,30
AP01063,KVCYRAIPCGESCVWIPCISAAIGCSCKN,1,29
AP04050,RTCKTPSGKFKGVCASSNNCKNVCQTEGFPSGSCDFHVANRKCYCSKPCP,1,50
AP03449,FKFLARTGKFL,1,11
AP01071,GTLPCGESCVWIPCISSVVGCSCKSKVCYKD,1,31
AP00270,QQCGRQASGRLCGNRLCCSQWGYCGSTASYCGAGCQSQCRS,1,41
AP00289,GIFSSRKCKTVSKTFRGICTRNANC,1,25
AP00986,KSTCKAESNTFPGLCITKPPCRKACLSEKFTDGKCSKILRRCICYKPC,1,48
AP03204,MKNGCKHTGHCPRKMCGAKTTKCRNNKCQCVQL,1,33
AP01803,LMCTHPLDCSN,1,11
AP00296,LLGRCKVKSNRFHGPCLTDTHCSTVCRGEGYKGGDCHGLRRRCMCLC,1,47
AP02496,GSCGASIAEFNSSQILAKRAPPCRRPRLQNSEDVTHTTLP,1,40
AP01042,GTLPCESCVWIPCISSVVGCSCKSKVCYKN,1,30
AP03208,ITISNSSFGRIVYWNCKTDKDCKQHRGFNFRCRSGNCIPIRR,1,42
AP01915,GGSVPCGESCVFIPCITSLAGCSCKNKVCYYD,1,32
AP03210,AFLPTSRNCITNKDCRQVRNYIARCRKGQCLQSPVR,1,36
AP03503,RECQSQSHRYKGACVHDTNCASVCQTEGFSGKCVGFRGRCFCTKHC,1,46
AP01022,GVIPCGESCVFIPCISAAIGCSCKNKVCYRN,1,31
AP00981,ATCKAECPTWDSVCINKKPCVACCKKAKFSDGHCSKILRRCLCTKEC,1,47
AP01528,RVCMKGSQHHSFPCISDRLCSNECVKEEGGWTAGYCHLRYCRCQKAC,1,47
AP00921,RVCMKGSAGFKGLCMRDQNCAQVCLQEGWGGGNCDGVMRQCKCIRQC,1,47
AP02685,GLPICGETCFKTKCYTKGCSCSYPVCKRN,1,29
AP03082,GRTSKQELCTWERGSVRQADKTIAG,1,25
AP04812,MMMMRMQQEEMQPR,1,14
AP03209,AFIQLSKPCISDKECSIVKNYRARCRKGYCVRRRIR,1,36
AP02571,CGESCVFIPCITTVLGCSCSIKVCYKNGSIP,1,31
AP00985,KDCKTESNTFPGICITKPPCRKACIKEKFTDGHCSKILRRCLCTKPC,1,47
AP00919,KTCENLVDTYRGPCFTTGSCDDHCKNKEHLLSGRCRDDVRCWCTRNC,1,47
AP01068,GLPCGETTCFTGKCYTPGCSCSYPICKKIN,1,30
AP00402,KTCENLANTYRGPCFTTGSCDDHCKNKEHLRSGRCRDDFRCWCTRNC,1,47
AP00984,QICKAPSQTFPGLCFMDSSCRKYCIKEKFTGGHCSKLQRKCLCTKPC,1,47
AP02377,ADDRCERMCQRYHDRREKKQCMKGCRYG,1,28
AP04323,GSYISCGETCVKLKCYTPGCTCTWPACKKN,1,30
AP03056,LSVKAFTGIQLRGVCGIEVKARG,1,23
AP03113,GIPCAESCVWIPCTVTALLGCSCKDKVCYLD,1,31
AP01774,GIPCGESCVFIPCITGAIGCSCKSKVCYRN,1,30
AP00715,RTCMKKEGWGKCLIDTTCAHSCKNRGYIGGNCKGMTRTCYCLVNC,1,45
AP02332,CETPSKHFNGLCIRSSNCASVCHGEHFTDGRCQGVRRRCMCLKPC,1,45
AP04230,EEKLDPICVAKCVLKCGKKPWCLTKCVAACVL,1,32
AP00103,RECKAQGRHGTCFRDANCVQVCEKQAGWSHGDCRAQFKCKCIFEC,1,45
AP00978,RTCENLADKYRGPCFSGCDTHCTTKENAVSGRCRDDFRCWCTKRC,1,45
AP02065,TFPKCAPTRPPGPKPCDINNFKSKFWHIWRA,1,31
AP01777,GIPCGESCVFIPCITAAIGCSCKSKVCYRN,1,30
AP02183,GNEGGGHGGHGGYGGYHHHGGGGGGYGGYHGGGGS,1,35
AP01356,KTCMTKKEGWGRCLIDTTCAHSCRKYGYMGGKCQGITRRCYCLLNC,1,46
AP01244,KGGPCAKKPCCGPLGHYKVDCSTIPDYPCCSKYGFCGSGPQYCG,1,44
AP01684,KLCERSSGTWSGVCGNNNACKNQCIRLEGAQHGSCNYVFPAHKCICYFPC,1,50
AP01067,GLVPCGETCFTGKCYTPGCSCSYPICKKN,1,29
AP03265,EDIGHIKYCGIVDDCYKSKKPLFKIWKCVENVCVLWYK,1,38
AP01049,GLPVCGETCFGGTCNTPGCSCTWPICTRD,1,29
AP04049,RMCESQSHKFKGYCASSSNCKVVCQTEKFLTGSCRDTHFGNRRCFCEKPC,1,50
AP03765,KVPVAAAAAAAAAVVASSMVVAAAK,1,25
AP01692,KLCERPSGTWSGVCGNSNACKNQCINLEKARHGSCNYVFPAHKCICYFPC,1,50
AP05050,GFPCGESCVYIPCFTAAIGCSCKSKVCYKN,1,30
AP00355,ANTAFVSSAHNTQKIPAGAPFNRNLRAMLADLRQNAAFAG,1,40
AP03072,RTCQSQSHRFRGPCLRRSNCANVCRTEGFPGGRCRGFRRRCFCTTHC,1,47
AP01037,GIPCGESCVWIPCLTSAIGCSCKSKVCYRN,1,30
AP01508,ELCEKASQTWSGTCGKTKHCDDQCKSWEGAAHGACHVRDGKHMCFCYFNC,1,50
AP00290,MFFSSKKCKTVSKTFRGPCVRNA,1,23
AP01081,GIPCAESCVWIPCTVTALVGCSCSDKVCYN,1,30
AP02769,ITCQQVTAELEPCVPYLTQGIP,1,22
AP01343,TESYFVFSVGM,1,11
sp|P82228|TK1C_HADVE,AICTGADRPCAACCPCCPGTSCKAESNGVSYCRKDEP,0,37
sp|C0HLU2|SEHBP_HUMAN,MALRSIKSIAGSCLCSRQRRCGSSAAIFPEGIFRCLSPKFGQEFPE,0,46
sp|P01531|NA1B_ANTXA,GVPCLCDSDGPRPRGNTLSGILWFYPSGCPSGWHNCKAHGPNIGWCCKK,0,49
sp|P84109|SRBS1_RAT,LNRDDDSDLHSPRYSFSEDTKCDDGWFVGTSRRTK,0,35
sp|P82679|MMKMO_RHOER,MQTIPSTTETAADFDAVIXGAGFXGLYALHR,0,31
sp|Q8DKM3|PSBY_THEVB,MDWRVLVVLLPVLLAAGWAVRNILPYAVKQVQKLLQKAKAA,0,41
sp|P06297|COLI_RABIT,SYSMEHFRWGKPVGKKRRPVKVYPNGAENESAEAFPVEV,0,39
sp|P85975|VMPAR_HIPPR,AYDPDPYKRYSAEHTFFLL,0,19
sp|P0C1R7|CA1A_CONOM,GCCSHPACNVNNPHICG,0,17
sp|P0DRJ3|TX1A_THRSX,YCQKFLWTCDSERPCCEGLVCRLWCKIN,0,28
sp|P83476|TXPR2_THRPR,YCQKWMWTCDSERKCCEGMVCRLWCKKKLW,0,30
sp|P39056|OSTCN_RABIT,QLINGQGAPAPYPDPLEPKREVCELNPDCDELADQVGLQDAYQRFYGPV,0,49
sp|P30832|NA23_RADCR,GNCKCDDEGPYVRTAPLTGYVDLGYCNEGWEKCASYYSPIAECCRKKK,0,48
sp|B3EWP2|HYAL_CRODU,MQAKAPMYPNEPFLVFWNAPTTQCRLRYKVDLDLNTFHIVTNAR,0,44
sp|P02819|OSTCN_MACFA,YLYQWLGAPAPYPDPLEPKREVCELNPDCDELADHIGFQEAYRRFYGPV,0,49
sp|P0DTV7|SPEFL_ECOLI,MENNSRTMPHIRRTTHIMKFAHRNSFDFHFFNAR,0,34
sp|A5A627|TISB_ECOLI,MNLVDIAILILKLIVAALQLLDAVLKYLK,0,29
sp|B3A0L4|LAC1_HERCO,AVGDDTPQLY,0,10
sp|P0DRJ2|TX1A_SELSX,DCLGWFSGCDPNNNKCCEGYVCHWKYPWCRYDL,0,33
sp|P81455|OSTCN_CANLF,YLDSGLGAPVPYPDPLEPKREVCELNPNCDELADHIGFQEAYQRFYGPV,0,49
sp|P56207|TO1A_HADVE,SPTCIPSGQPCPYNENCCSQSCTFKENENGNTVKRCD,0,37
sp|C0HJU3|PA2A1_BOTPA,NLVQFKTLIMKIAGRSVVYKYFYYGCYCGWGGIGQPRDATDRCCFVHD,0,48
sp|P56976|BLR_ECOLI,MNRLIELTGWIVLVVSVILLGVASHIDNYQPPEQSASVQHK,0,41
sp|C0HJS0|CYC13_CLITE,DTTPCGESCVWIPCVSSIVGCSCQNKVCYQN,0,31
sp|P73563|HLIC_SYNY3,MNNENSKFGFTAFAENWNGRLAMIGFSSALILELVSGQGVLHFFGIL,0,47
sp|P0DJ44|VM3_VIPAA,MVTKYSSIFMSPILSNPPILYFSDCSREXYQKXLTN,0,36
sp|C0HLV8|MP31_HUMAN,MWRDSLCAAAGYALGAGTRLRSVLSSRKLQP,0,31
sp|P0DJH3|VMP3A_DEIAC,DVVSPPVCGN,0,10
sp|C0HJY2|PRVN_THEPV,ADPGPLQDFCLADLNSPLFINGYPCRNPALAISDDF,0,36
sp|P83264|PRT1_SCOSC,MPRRRRRASRPVRRRRRARRSTAVRRRRRVVRRRR,0,35
sp|P0DJG7|VSP2_DEIAC,VIGGVECDINEHRFL,0,15
sp|P86780|PA2_BUNCI,GATIMPGTLWCGKGNSAADYLQLGVWKDTAHCCRDHDGC,0,39
sp|B3EWH2|AON_AZEFE,DNWWPKPPHQGPRPPRPRPKP,0,21
sp|P0C0Y1|LHB1_CERSP,MADKSDLGYTGLTDEQAQELHSVYMSGLWPFSAVAIVAHLAVYIWRPWF,0,49
sp|Q8DIN9|PSBF_THEVB,MTSNTPNQEPVSYPIFTVRWVAVHTLAVPTIFFLGAIAAMQFIQR,0,45
sp|P50984|CA1A_CONPE,GCCSLPPCAANNPDYC,0,16
sp|P82705|DSO1_DROME,MKFFQAAALLLAMFAALANAEPVPQPGTVLIQTDNTQYIRTG,0,42
sp|P02821|OSTCN_FELCA,YLAPGLGAPAPYPDPLEPKREICELNPDCDELADHIGFQDAYRRFYGTV,0,49
sp|C0HLN8|CYHED_PIGEN,GFPCGESCVYIPCFTAAIGCSCKSKVCYKN,0,30
sp|P83480|TXPR1_THRPR,ECRYWLGGCSAGQTCCKHLVCSRRHGWCVWDGTFS,0,35
sp|O88038|LANSB_STRCO,MNLFDLQSMETPKEEAMGDVETGSRASLLLCGDSSLSITTCN,0,42
sp|P60128|PSBF_SPIOL,MTIDRTYPIFTVRWLAIHGLAVPTVFFLGSISAMQFIQR,0,39
sp|Q9CQD6|SARCO_MOUSE,MERSTQELFINFTVVLITVLLMWLLVRSYQY,0,31
sp|P0ACG4|HOKC_ECOLI,MKQHKAMIVALIVICITAVVAALVTRKDLCEVHIRTGQTEVAVFTAYESE,0,50
sp|B3EWN3|HTX2_CYRLI,ACKGLFVTCTPGKDECCPNHVCSSKHKWCKYKI,0,33
sp|P56855|TX1_STRGF,TCRYLFGGCKTTADCCKHLACRSDGKYCAWDGTF,0,34
sp|Q64202|DLX1_RAT,KLMKQGGAALEGSALANGRALSAGSPPVPPGWNRIPPLGRAQEE,0,44
sp|K8DWB5|CA1D_CONTE,FDGRNAAGNDKMSALMALTTRGCCSHPVCSAMSPICG,0,37
sp|P0C2K1|AX1_LOXDE,ANKRPIWIMGHMVNAIYQIDEFVNLGANSIETDVS,0,35
sp|P0DOC5|TX1B_HETMC,ECRYLFGGCKTTADCCKHLGCRTDLYYCAWDGTF,0,34
sp|P0C162|KAX29_CENEL,TIINVKCTSPKQCLKPCKDLYGPHAGAKCMNGKCKCYNN,0,39
sp|P0C244|TX621_PSACA,SECRWFMGGCDSTLDCCKHLSCKMGLYYCAWDGTF,0,35
sp|P0C226|OSTCN_NOTEU,YLYQTLGFPAPYPDPQENKREVCELNPDCDELADHIGFQEAYRRFYGTA,0,49
sp|P0C166|KAX6C_ANUPH,QKECTGPQHCTNFCRKNKCTHGKCMNRKCKCFNCK,0,35
sp|P86313|OSTCN_CAMDR,YLDHGLGAPAPYVDPLEPKREVCELNPDCDELADQMGFQEAYRRFYGTT,0,49
sp|Q9CV60|MLN_MOUSE,MSGKSWVLISTTSPQSLEDEILGRLLKILFVLFVDLMSIMYVVITS,0,46
sp|P0C1W8|CA4B_CONOB,CCGVPNAACPPCVCNKTCG,0,19
sp|O00631|SARCO_HUMAN,MGINTRELFLNFTIVLITVILMWLLVRSYQY,0,31
sp|P0C8E1|CKP2_CONPI,DEPEYAEAIREYQLKYGKI,0,19
sp|P18651|FGF1_CANLF,NYMKPKLLYXSNGGH,0,15
sp|C0HJY4|PON1A_ANOEM,WCASGCRKKRHGGCSC,0,16
sp|K4RNX9|CA1B_CONTE,FDGRNTSANNKATDLMALPVRGCCSDPPCRNKHPDLCGGRR,0,41
sp|P01197|COLI_SQUAC,SYSMEHFRWGKPMGRKRRPIKVYPNSFEDESVENMGPEL,0,39
sp|O18851|AOFA_SHEEP,YVISAIPPTLTSKIHFRPELPSERNQLIQRLPMGAIIKCMMYYKEA,0,46
sp|P82706|BM01_DROME,MKFFSVVTVFVLGLLAVANAVPLSPDPGNVIINGDCRVCNVHGGK,0,45
sp|P49268|TXP3_APOSC,CNSKGTPCTNADECCGGKCAYNVWNCIGGGCSKTCGY,0,37
sp|P62326|TYB4_BOVIN,MSDKPDMAEIEKFDKSKLKKTETQEKNPLPSKETIEQEKQAGES,0,44
sp|A3RLR0|TAL3A_DROME,MSHDLDPTGTY,0,11
sp|P0A7Q6|RL36_ECOLI,MKVRASVKKLCRNCKIVKRDGVIRVICSAEPKHKQRQG,0,38
sp|O77150|BM02_DROME,MKFFSVVTVFVFGLLALANAVPLSPDPGNVVINGDCKYCNVHGGK,0,45
sp|P86523|PA2AA_ACAAN,NLLQFGFMIRCANKRRRPVWPYEESGC,0,27
sp|P0C7W7|BBH1B_STIHA,XIIGAPCRRCYHSDGKGGCVRDWSCGQQ,0,28
sp|P12343|AATC_RABIT,MAPPSIFAEVPQAQPVLVFKLTADFREDPDP,0,31
sp|P24335|WAG13_TROWA,SLGGKPDLRPCHPPCHYIPRPKPR,0,24
sp|P0C5G6|NA2H_ISOCA,VACRCESDGPDVRSATFTGTVDLWNCNTGWHKCIATYTAVASCCKKD,0,47
sp|P0DMB7|PA12A_VESVE,FNPCPYSDDTVKMIILTRENKKHDF,0,25
sp|P61095|SFI1_SEGFL,KECMTDGTVCYIHNHNDCCGSCLCSNGPIARPWEMMVGNCMCGPKA,0,46
sp|C0HJP9|PLA23_BOTDP,NLWQFGRVFVYPDVLCKGCYCGWGGRMDIYTYSRCCFVHDCCYGK,0,45
sp|P0C6T2|OST4_HUMAN,MITDVQLAIFANMLGVSLFLLVVLYHYVAVNNPKKQE,0,37
sp|P0C2L0|A1X1_LOXIN,AGNKRPIWIMGAMVNAIKDIXDFVNLGANNIEK,0,33
sp|P80225|B4GT1_RAT,PGATLQXAXXLLVAVXAXPPPPLGVXPKPXPG,0,32
sp|P0C164|KAX2B_CENEL,TIINVKCTSPKQCLLPCKEIYGIHAGAKCMNGKCKCYKI,0,39
sp|C0HJH4|SLCA_DROME,MSEARNLFTTFGILAILLFFLYLIYAVL,0,28
sp|P86315|OSTCN_LAMGU,YLDHGLGAPAPYVDPLEPKREVCELNPDCDELADQMGFQEAYRRFYGTT,0,49
sp|P83265|PRT2_SCOSC,MPRRRRRASRPIRRRRRARRSTAVRRRRRVVRRRR,0,35
sp|C0HJN0|KAX6V_HETLA,ISCTGSKQCYDPCKKKTGCPNAKCMNKSCXCYGC,0,34
sp|P29186|K1B_BUNGR,VCRDWFKETACRHAKSLGNCRTSQKYRANCAKTCELC,0,37
sp|A1X8D8|CA12_CONPL,LDGRNAAADFETSDLLAMTIRGGCCSYPPCIANNPLCGGKR,0,41
sp|A3RLR1|TALAA_DROME,MLDPTGTYRRPRDTQDSRQKRRQDCLDPTGQY,0,32
sp|I1SB07|GM3C_CONCN,QGCCNGPKGCSSKWCRDHARCC,0,22
sp|Q10726|KAX61_PANIM,LVKCRGTSDCGRPCQQQTGCPNSKCINRMCKCYGC,0,35
sp|Q00829|PHRA_BACSU,MKSKWMSGLLLVAVGFSFTQVMVHAGETANTEGKTFHIAARNQT,0,44
sp|C0HM02|PKHUO_HUMAN,MASRGALRRCLSPGLPRLLHLSRGLA,0,26
sp|P0C2L1|A3X1_LOXLA,ADNRRPIWNLGHMVNALKQIPTFLXDGANA,0,30
sp|Q7LZG2|PA2T_OXYSC,NLAQFGFMIRCANGGSRSALDYADYGC,0,27
sp|P0DUG4|PA2TI_NAJHH,NVYQYRKMLQCAMPNGGPFECCQTHDNCYGEAEKLKACTSTHSSPYFK,0,48
sp|A0A1B0GQX2|TUNAR_MOUSE,MVITSGNDEDRGGQEKESKEESVLAMLGIIGTILNLIVIIFVYIYTTL,0,48
sp|P20065|TYB4_MOUSE,MLLPATMSDKPDMAEIEKFDKSKLKKTETQEKNPLPSKETIEQEKQAGES,0,50
sp|C0HKB3|KKX29_PANIM,VDACYEACMHHHMNSDDCIEACKNPVPP,0,28
sp|B3EWR5|HEXL_LUPAL,VDSEDLIEAFKIYVEDDNEHLQGSVD,0,26
sp|P86314|OSTCN_CAMBA,YLDHGLGAPAPYVDPLEPKREVCELNPDCDELADQMGFQEAYRRFYGTT,0,49
sp|P59868|CAIMP_PANIM,GDCLPHLKRCKADNDCCGKKCKRRGTNAEKRCR,0,33
sp|P80967|TOM5_YEAST,MFGLPQQEVSEEEKRAHQEQTEKTLKQAAYVAAFLWVSPMIWHLVKKQWK,0,50
sp|P86312|OSTCN_CAMHE,YLDHGLGAPAPYVDPLEPKREVDELADQMGFQEAYRRFYGTT,0,42
sp|A0A068B0Z6|CA13B_CONLT,FDGRNAAPSDKASDLISLAVRGCCSHPACSGNNPYFCGGKR,0,41
sp|C0HLM2|CA1C_CONPU,SGCCKHPACGKNRC,0,14
sp|P16341|KAX51_LEIHE,AFCNLRMCQLSCRSLGLLGKCIGDKCECVKH,0,31
sp|P82409|ITR2_MOMCO,SGSDGGVCPKILKKCRRDSDCPGACICRGNGYCG,0,34
sp|P0C1D0|CA1A_CONRE,SNKRKNAAMLDMIAQHAIRGCCSDPRCRYRCR,0,32
sp|P04101|HSP1_PIG,MARYRCCRSHSRSRCRPRRRRCRRRRRRCCPRRRRAVCCRRYTVIRCRRC,0,50
sp|B8YB64|RPO12_SACSH,MAVYRCGKCWKTFTDEQLKVLPGVRCPYCGYKIIFMVRKPTIKIVKAI,0,48
sp|O52748|PATS_NOSS1,MKAIMLVNFCDERGSGR,0,17
sp|P81563|MMP1_RAT,DTLKSEKNADFKDLY,0,15
sp|P82972|VNP_PSEPC,GENEPPKKKAPDGCFGHKIDRIGSHSGLGCNKFKPGH,0,37
sp|B3A0N3|PA2B3_BOTMA,DLWQWGQMILKETGKLPFSYYTAYGCYCGWGGRGGKPKADTDRCCFVHDC,0,50
sp|P0DMB8|PA12B_VESVE,FNPCPYSDDTVKMIILTRENKKHDF,0,25
sp|Q1L777|CA1A_CONPR,FDGRNAAANDKASDLVALTVRGCCSHPACSVNHPELCG,0,38
sp|A0A1B0GTB2|TUNAR_HUMAN,MVITSENDEDRGGQEKESKEESVLAMLGIIGTILNLIVIIFVYIYTTL,0,48
sp|A0A7M4DUE8|CM3C_CONSR,RGCCNGRGGCSSRWCRDHARCC,0,22
sp|P0DRC8|VM1_MACLN,QFSDCSKDEYQRYLT,0,15
sp|Q8DHA7|PSBM_THEVB,MEVNQLGLIATALFVLVPSVFLIILYVQTESQQKSS,0,36
sp|P50983|CA1_CONIM,IVRRGCCSDPRCAWRCG,0,17
sp|P81747|ADHN_RHOER,MKTKAAVLFETHKPFEIVELEL,0,22
sp|P08815|KAX21_CENNO,TIINVKCTSPKQCSKPCKELYGSSAGAKCMNGKCKCYNN,0,39
sp|Q9PRP4|VSPF_LACMR,VIGGDECNINEHRFLVALYDGLSGTFLCGG,0,30
sp|P0C1V7|CA1AB_CONAN,GGCCSHPACAANNQDYC,0,17
sp|C0HK49|DEF_NICSU,KDCKRESNTFPGICITKPPCRKACIREKFTDGHCSKILRRCLCTKPC,0,47
sp|P0C350|CM3A_CONTU,RHGCCKGPKGCSSRECRPQHCC,0,22
sp|P0C195|CM3A_CONKI,KRNGCCNCSSKWCRDHSRCCGR,0,22
sp|C0HJQ6|KAX3J_MESEU,VGINVKCKHSGQCLKPCKDAGMRFGKCINGKCDCTPK,0,37
sp|P0DL68|CA1A_CONLM,SGCCSNPACRVNNPNIC,0,17
sp|P59867|KAX63_HETSP,ASCRTPKDCADPCRKETGCPYGKCMNRKCKCNRC,0,34
sp|Q8LLV8|PLS_ARATH,MKPRLCFNFRRRSISPCYISISYLLVAKLFKLFKIH,0,36
sp|C0HJX5|TAL2A_DROME,MAAYLDPTGQY,0,11
sp|P0DJ42|VM1CR_CROAT,LLRRKSHDHAQNHDGDKCLRGASLGYYQSFLNQYKPQCILNKP,0,43
sp|C0HLP8|CYO2_PIGEN,GIPCGESCVWIPCISSAIGCSCKSKVCYRN,0,30
sp|C0HK68|ATP8_PICAN,MPQLIPFFFLNQLFYGYLALFALLVLVSWVILPYLLQLQIVRLLITKL,0,48
sp|P85826|DIUX_RHOPR,GLDLGLSRGFSGSQAAKHLMGLAAANYAGGP,0,31
sp|P09191|PSBF_SYNY3,MATQNPNQPVTYPIFTVRWLAVHTLAVPSVFFVGAIAAMQFIQR,0,44
sp|P0C615|I2BA_CONSP,CRTEGMSCEENQQCCWRSCCRGECEAPCRFGP,0,32
sp|A0A3F2YLP5|NTA_AVIAU,GDCHKFLGWCRGEKDPCCEHLTCHVKHGWCVWDGTI,0,36
sp|A0A068B6Q6|CA18_CONBE,PDGRNAAAKAFDLITPTVRKGCCSNPACILNNPNQCG,0,37
sp|J9VPP4|QSP1_CRYN9,MSFTTLFTAALVLIAPALVAAAPAAEPQPSVKSNNFGAPGGAYPW,0,45
sp|P60514|TXP1_PSACA,EDCIPKWKGCVNRHGDCCEGLECWKRRRSFEVCVPKTPKT,0,40
sp|C0HJX4|TAL1A_DROME,MAAYLDPTGQY,0,11
sp|C0HJQ7|KAX1H_MESEU,QFTDVKCTVTKQCWPVCKKMFGRPNGKCMNGKCRCYS,0,37
sp|P60254|CAMAU_SCOPA,GDCLPHLKLCKENKDCCSKKCKRRGTNIEKRCR,0,33
sp|P0C577|VSPG_BITGA,VVGGAECKIDGHRCLALLY,0,19
sp|P0DP99|STMP1_MOUSE,MLQFLLGFTLGNVVGMYLAQNYEMPNLAKKLEEIKKDLEAKKKPPSS,0,47
sp|B3EWG2|LACC_LEPMG,VTIGKEGTLT,0,10
sp|Q8DJZ6|PSBI_THEVB,METLKITVYIVVTFFVLLFVFGFLSGDPARNPKRKDLE,0,38
sp|C0HK05|PA2BC_CROLT,HLLQFNKMIKFETRKNAIPFYAFYGCYCGWGGRGRPKDATDRCCFVH,0,47
sp|P0C8E0|CKP1_CONPI,GEDEYAEGIREYQLIHGKI,0,19
sp|D0VWR3|PSB30_THEVL,EVIAQLTMIAMIGIAGPMIIFLLAVRRGNL,0,30
sp|P0AAW9|ACRZ_ECOLI,MLELLKSLVFAVIMVPVVMAIILGLIYGLGEVFNIFSGVGKKDQPGQNH,0,49
sp|A0A3G6IHA6|O16A_CONAD,LSKKQCGADGQFCFLPGLGLNCCSGLCLIVCVPT,0,34
sp|A5A616|MGTS_ECOLI,MLGNMNVFMAVLGIILFSGFLAAYFSHKWDD,0,31
sp|P83238|OSTCN_DANRE,AGTAXGDLTPFQLESLREVCEVNLACEHMADTXGIVAAYTAYYGY,0,45
sp|P0C225|OSTCN_CAPHI,YLDPGLGAPAPYPDPLEPKREVCELNPDCDELADHIGFQEAYRRFYGIA,0,49
sp|C0HJS1|CYC14_CLITE,DTIPCGESCVWIPCISSILGCSCKDKVCYHN,0,31
sp|P0C165|KAX2C_CENEL,TIINVKCTSPKQCLPPCKEIYGRHAGAKCMNGKCHCSKI,0,39
sp|P86215|PRDX6_MESAU,DFTPVCTTELGRLAPEFAKRVVFIFGPDKKLKLSILYPATTGRNFDEILR,0,50
sp|P0DPQ6|DT3UO_HUMAN,MLKMSGWQRQSQNQSWNLRRECSRRKCIFIHHHT,0,34
sp|P84736|PA2_TRILM,NLYQFSNMIQCTIPGSDPLSDYGNYGCYCGYGGSGTPVDELLRCCQVHDD,0,50
sp|P83489|OSTCN_BISPR,YLDHGLGAPAPYPDPLEPKREVCELNPDCDELADHIGFQEAYRRFYGPV,0,49
sp|P0C280|NA1A_CONGI,GVPCRCDSDGPSVHGNTLSGTVWVGSCASGWHKCNDEYNIAYECCKE,0,47
sp|C0HLS2|PP1AA_PSEPY,KIPNILKGGLKSICKHRKYLDKACAAI,0,27
sp|P0DUM4|AAPA1_HELPY,MATKHGKNSWKTLYLKISFLGCKVVVLLKR,0,30
sp|P0C590|VSP2_GLOUS,VIGGDECNINEHRFLVAXY,0,19
sp|P0DQN3|TXPR1_BUMPU,ECRYWLGGCSAGQTCCKHLVCSRRHGWCVWDGTFS,0,35
sp|P0DJF0|VSP48_BOTJR,VVGGDCIPQVPFLAFLYSEYFC,0,22
sp|B3A0N1|VPA_BOTAT,ALVLIAFAQVLQQCP,0,15
sp|Q8DIQ0|PSBT_THEVB,METITYVFIFACIIALFFFAIFFREPPRITKK,0,32
sp|P0DJ31|KA231_VAEMS,AAAISCVGSPECPPKCRAQGCKNGKCMNRKCECYYC,0,36
sp|P83257|T3D1B_PIRLC,ACVGDGQRCASWSGPYCCDGYYCSCRSMPYCRCRNNS,0,37
sp|Q7LZI4|OSTCN_CYPCA,AGTAPADLTVAQLESLKEVCEANLACEHMMDVSGIIAAYTAYYGPIPY,0,48
sp|P01535|STX3_ANESU,RSCCPCYWGGCPWGQNCYPEGCSGPKV,0,27
sp|C0HLP7|CYHEM_PIGEN,SIPCAESCVWIPCTVTALLGCSCSDKVCYN,0,30
sp|C0HL97|VM3_CROVE,HQKYNPFRFVELVLVVDKAM,0,20
sp|P37817|SPOVM_BACSU,MKFYTIKLPKFLGGIVRAMLGSFRKD,0,26
sp|P0CY66|O168_CONBU,AEDSRGTQLHRALRKATKLSESTRCKRKGSSCRRTSYDCCTGSCRNGKCG,0,50
sp|P02950|LHB1_RHOCA,MADKNDLSFTGLTDEQAQELHAVYMSGLSAFIAVAVLAHLAVMIWRPWF,0,49
sp|P0DJH5|VM3DM_DABSI,VATSEPNRYFNPYSYVELIITVDHS,0,25
sp|P59087|PSBJ_THEVB,MMSEGGRIPLWIVATVAGMGVIVIVGLFFYGAYAGLGSSL,0,40
sp|C0HLS3|PP1AB_PSEPY,IDPLTILKILKGGLKSICKHRKYLDKACASIGQ,0,33
sp|Q8IVG9|HUNIN_HUMAN,MAPRGFSCLLLLTSEIDLPVKRRA,0,24
sp|P0DJE1|VM1B1_BOTAT,YIELAVVADHGIFTKYNSNLNTIR,0,24
sp|P94416|PHRC_BACSU,MKLKSKLFVICLAAAAIFTAAGVSANAEALDFHVTERGMT,0,40
sp|P0C1V1|HLD_STAAU,MAQDIISTIGDLVKWIIDTVNKFTKK,0,26
sp|A0A4V8GZX0|TXNA1_OMOSC,ECKGFGKSCVPGKNECCSGLTCSNKHKWCKVLL,0,33
sp|P62329|TYB4_RAT,MSDKPDMAEIEKFDKSKLKKTETQEKNPLPSKETIEQEKQAGES,0,44
sp|P0DM15|CO6A_CONMF,RDCQEKWEYCIVPILGFVYCCPGLICGPFVCV,0,32
sp|P84507|TX1_CERMR,DCLGWFKSCDPKNDKCCKNYTCSRRDRWCKYDL,0,33
sp|P0C2C5|CA4E_CONPU,DCCGVKLEMCHPCLCDNSCKNYGK,0,24
sp|C0HLV0|GUN1_FOMML,QAVLSETGGGDTASCDEYLYQELAYVK,0,27
sp|P61542|BDS2_ANTEL,GTACSCGNSKGIYWFYRPSCPTDRGYTGSCRYFLGTCCTPAD,0,42
sp|P0DL27|VSP41_BOTPI,VVGGDECDINEHPFLAFLYSHGYFCGLTLINQEWVLTAAHCDRRFMRIYL,0,50
sp|Q99380|OST4_YEAST,MISDEQLNSLAITFGIVMMTLIVIYHAVDSTMSPKN,0,36
sp|P36937|KDPF_ECOLI,MSAGVITGVLLVFLLLGYLVYALINAEAF,0,29
sp|P0C349|CM3C_CONST,RHGCCKGPKGCSSRECRPQHCC,0,22
sp|P01478|TXDT1_ATRRO,CAKKRNWCGKNEDCCCPMKCIYAWYNQQGSCQTTITGLFKKC,0,42
sp|C0HJD9|K6TX1_ACTBE,RCKTCSKGRCRPKPNCG,0,17
sp|A0A2L1DGG0|HSTX1_HAESL,MRTLLVFLLLAIFVAVLIGNVQVEAACKEYWECGAFLFCIEGICVPMIG,0,49
sp|C0HJS8|CYC21_CLITE,DLQCAETCVHSPCIGPCYCKHGLICYRN,0,28
sp|P04170|RUBR1_DESDA,MQKYVCNVCGYEYDPAEHDNVPFDQLPDDWCCPVCGVSKDQFSPA,0,45
sp|P80719|KAX62_SCOPA,VSCTGSKDCYAPCRKQTGCPNAKCINKSCKCYGC,0,34
sp|P56587|TERT_APIME,ALCNCNRIIIPHMCWKKCGKK,0,21
sp|P42532|SARCO_RABIT,MERSTRELCLNFTVVLITVILIWLLVRSYQY,0,31
sp|P0C1W7|CDKC_CONVX,DLRQCTRNAPGSTWGRCCLNPMCGNFCCPRSGCTCAYNWRRGIYCSC,0,47
sp|P0C2K0|A1KB_LOXBO,ANKRPVWIMAHMVNAVAQIDEFVNLGANSIETD,0,33
sp|P56100|CYDX_ECOLI,MWYFAWILGTLLACSFGVITALALEHVESGKAGQEDI,0,37
sp|C0HJQ2|KA192_BUTOC,AACYSSDCRVKCRAMGFSSGKCIDSKCKCYK,0,31
sp|E0CX11|STMP1_HUMAN,MLQFLLGFTLGNVVGMYLAQNYDIPNLAKKLEEIKKDLDAKKKPPSA,0,47
sp|P0DN84|DWORF_HUMAN,MAEKAGSTFSHLLVPILLLIGWIVGCIIMIYVVFS,0,35
sp|P0AD89|LPTN_ECOLI,MNILHICVTSKWFNIDNKIVDHRP,0,24
sp|P83869|DSO2_DROME,MNCLKICGFFFALIAALATAEAGTQVIHAGGHTLIQTDRSQYIRKN,0,46
sp|O08615|OXLA_MUSSP,AFKDLKALGCKKAMNKFNKHTLLEYLLEEGNLSRPAVQLLGDVMSE,0,46
sp|Q9F1K9|PSBK_THEVB,MIDALVLVAKLPEAYAIFDPLVDVLPVIPVLFLALAFVWQAAVGFR,0,46
sp|P12239|PSBF_THEVL,MTSNTPNQEPVSYPIFTVRWVAVHTLAVPTIFFLGAIAAMQFIQR,0,45
sp|P0C1F4|NA12_BUNGR,GASCRCDSDGPTSRGNTLTGTLWLIGRCPSGWHNCRGSGPFIGYCCKQ,0,48
sp|P84508|TX2_CERMR,DCLGWFKSCDPKNDKCCKNYTCSRRDRWCKYYL,0,33
sp|P00856|ATP8_YEAST,MPQLVPFYFMNQLTYGFLLMITLLILFSQFFLPMILRLYVSRLFISKL,0,48
sp|P0C2K2|A1X1_LOXGA,ADNKRPIWVMGGMVNSLAQIKEFVGLGLDNSEKDNKWYKQ,0,40
sp|P0DQM9|CX07_CONZO,GFRSPCPPFC,0,10
sp|P0DMB6|PA11_VESVE,GLLPKVKLVPEQISFILSTRENR,0,23
sp|P64512|MGRB_ECOLI,MKKFRWVVLVVVVLACLLLWAQVFNMMCDQDVQFFSGICAINQFIPW,0,47
sp|P0DL39|CA1A_CONAV,SCCARNPACRHNHPCV,0,16
sp|P01534|4AD_HETMG,ASCKCDDDGPDVRSATFTGTVDFWNCNEGWEKCTAVYTPVASCCRKKK,0,48
sp|A0A6G9KHD3|TX12A_MANRB,MKTIELITIFAMITTLMVTVVAGDPIDPKVLESLVGK,0,37
